{"cameraMode":{"drawMode":0,"name":"Shaded","section":"Shading Mode"},"sceneLighting":false,"audioPlay":false,"sceneViewState":{"m_AlwaysRefresh":false,"showFog":true,"showSkybox":false,"showFlares":true,"showImageEffects":true,"showParticleSystems":true,"showVisualEffectGraphs":true,"m_FxEnabled":true},"in2DMode":false,"pivot":{"x":1.3574602603912354,"y":0.7084388732910156,"z":1.2862426042556763},"rotation":{"x":-0.02672296017408371,"y":0.9703060388565064,"z":-0.20408585667610169,"w":-0.12705163657665254},"size":1.2635002136230469,"orthographic":false}