{"cameraMode":{"drawMode":0,"name":"Shaded","section":"Shading Mode"},"sceneLighting":false,"audioPlay":false,"sceneViewState":{"m_AlwaysRefresh":false,"showFog":true,"showSkybox":false,"showFlares":true,"showImageEffects":true,"showParticleSystems":true,"showVisualEffectGraphs":true,"m_FxEnabled":true},"in2DMode":false,"pivot":{"x":-1.5719765424728394,"y":0.5912189483642578,"z":1.477713942527771},"rotation":{"x":0.05535608530044556,"y":0.9357489943504334,"z":-0.17057712376117707,"w":0.30367305874824526},"size":0.9635002017021179,"orthographic":false}