{"cameraMode":{"drawMode":0,"name":"Shaded","section":"Shading Mode"},"sceneLighting":false,"audioPlay":false,"sceneViewState":{"m_AlwaysRefresh":false,"showFog":true,"showSkybox":false,"showFlares":true,"showImageEffects":true,"showParticleSystems":true,"showVisualEffectGraphs":true,"m_FxEnabled":true},"in2DMode":false,"pivot":{"x":-0.005502462387084961,"y":1.138405442237854,"z":0.04961574077606201},"rotation":{"x":-0.11433857679367066,"y":0.8357164859771729,"z":-0.1902281641960144,"w":-0.502316415309906},"size":1.5341819524765015,"orthographic":false}